chrom1,start1,end1,chrom2,start2,end2
chr1,156279077,156279221,chr1,156282485,156282515
chr1,996941,997091,chr1,1040836,1040896
chr1,41163558,41163708,chr1,42235012,42235136
chr1,151820981,151821131,chr1,224072974,224073028
chr1,44099617,44099668,chr1,44219187,44219337
chr1,175187376,175187404,chr1,199168663,199168813
chr1,25841306,25841338,chr1,25841487,25841632
chr1,89805158,89805192,chr1,89900637,89900787
chr1,185413507,185413531,chr1,185413927,185414077
chr1,44775571,44775615,chr1,44775867,44775891
chr1,210253469,210253501,chr1,210254759,210254909
chr1,20681923,20681971,chr1,20697262,20697412
chr1,85171360,85171510,chr1,85172650,85172673
chr1,209376874,209377024,chr1,209407737,209407887
chr1,91852364,91852510,chr1,91855015,91855163
chr1,93251990,93252140,chr1,93408744,93408894
chr1,153864151,153864301,chr1,153875069,153875219
chr1,184767075,184767095,chr1,184771292,184771442
chr1,15745978,15746116,chr1,15746026,15746162
chr1,100896657,100896807,chr1,100899815,100899935
chr1,108142794,108142944,chr1,108142935,108142958
chr1,5976425,5976446,chr1,5982918,5982990
chr1,92962476,92962597,chr1,92962555,92962676
chr1,110880765,110880789,chr1,110953158,110953306
chr1,225308623,225308653,chr1,225309278,225309447
chr1,51429567,51429610,chr1,51454132,51454282
chr1,175607661,175607811,chr1,175612419,175612447
chr1,145605182,145605208,chr1,145605350,145605500
chr1,185332728,185332755,chr1,185335591,185335741
chr1,65370943,65371067,chr1,65370997,65371121
chr1,229215133,229215154,chr1,229422815,229422965
chr1,179986742,179986892,chr1,179994370,179994396
chr1,100409519,100409656,chr1,100423314,100423461
chr1,201654648,201654708,chr1,201660745,201660895
chr1,180470394,180470544,chr1,180470568,180470594
chr1,198158069,198158116,chr1,198161725,198161752
chr1,17359909,17359956,chr1,17378281,17378425
chr1,62786049,62786083,chr1,62786174,62786315
chr1,46482139,46482289,chr1,46484870,46484933
chr1,35636134,35636177,chr1,35639878,35640024
chr1,157543104,157543131,chr1,179881900,179881964
chr1,36439875,36439907,chr1,36442113,36442262
chr1,224347498,224347588,chr1,224348827,224348876
chr1,31961814,31961964,chr1,31962681,31962712
chr1,65308196,65308245,chr1,65308391,65308541
chr1,234039439,234039459,chr1,235017581,235017713
chr1,9386351,9386396,chr1,9387029,9387114
chr1,210658197,210658219,chr1,210658427,210658577
chr1,51141737,51141885,chr1,63090015,63090165
chr1,156584194,156584223,chr1,156639674,156639713
chr1,27707991,27708141,chr1,27714461,27714497
chr1,15156624,15156774,chr1,15168867,15168913
chr1,173819345,173819375,chr1,173819410,173819560
chr1,191500213,191500363,chr1,191880335,191880485
chr1,16012428,16012578,chr1,16012929,16012978
chr1,16606020,16606170,chr1,16757774,16757835
chr1,151333331,151333478,chr1,151370228,151370285
chr1,44239991,44240139,chr1,44241062,44241212
chr1,66979508,66979528,chr1,67761985,67762117
chr1,44132907,44132930,chr1,44133656,44133697
chr1,227094243,227094287,chr1,227386861,227387011
chr1,30814940,30814983,chr1,30910881,30910929
chr1,60198440,60198474,chr1,241065741,241065779
chr1,206082141,206082260,chr1,206082420,206082540
chr1,48184059,48184209,chr1,51406950,51406973
chr1,150523822,150523972,chr1,150532960,150533003
chr1,15976017,15976057,chr1,15985704,15985854
chr1,163326826,163326976,chr1,163332474,163332546
chr1,7704669,7704776,chr1,30466170,30466320
chr1,218524513,218524555,chr1,218525319,218525469
chr1,242225503,242225653,chr1,242251867,242251897
chr1,241626304,241626340,chr1,243254425,243254575
chr1,154973665,154973749,chr1,156814888,156815038
chr1,2039803,2039953,chr1,174785725,174785760
chr1,112969722,112969872,chr1,112972649,112972799
chr1,151334562,151334605,chr1,175114268,175114418
chr1,225756531,225756681,chr1,231461737,231461788
chr1,224997388,224997538,chr1,235486493,235486548
chr1,227519252,227519402,chr1,227521396,227521439
chr1,217626025,217626080,chr1,217628589,217628609
chr1,91609611,91609656,chr1,91613911,91613953
chr1,156356026,156356176,chr1,156357052,156357171
chr1,7769609,7769635,chr1,7771241,7771391
chr1,6348350,6348500,chr1,214118367,214118397
chr1,52783417,52783464,chr1,52809609,52809746
chr1,115657121,115657271,chr1,115706955,115707024
chr1,180599282,180599311,chr1,180601845,180601995
chr1,183553458,183553486,chr1,244446257,244446407
chr1,174162489,174162520,chr1,186146570,186146635
chr1,174241361,174241511,chr1,174705853,174706003
chr1,93490603,93490652,chr1,93592651,93592798
chr1,227217233,227217383,chr1,227218663,227218688
chr1,205650170,205650230,chr1,205999165,205999235
chr1,35468166,35468316,chr1,35472221,35472261
chr1,22023002,22023021,chr1,22025982,22026082
chr1,26103004,26103154,chr1,26104447,26104499
chr1,112447538,112447657,chr1,112447592,112447718
chr1,206932707,206932736,chr1,206935734,206935884
chr1,63470628,63470778,chr1,69082288,69082438
chr1,241580119,241580153,chr1,245142989,245143097
chr1,34884949,34884997,chr1,35016665,35016815
chr1,201554501,201554529,chr1,201693162,201693312
chr1,223233436,223233586,chr1,223246687,223246837
chr1,38892763,38892794,chr1,38893746,38893896
chr1,167282703,167282774,chr1,167282774,167282924
chr1,77636291,77636319,chr1,77643965,77644115
chr1,25880176,25880223,chr1,25880672,25880822
chr1,79202571,79202606,chr1,79203947,79203971
chr1,84397954,84398012,chr1,84795245,84795395
chr1,207711051,207711094,chr1,207772459,207772609
chr1,205814068,205814206,chr1,205814434,205814560
chr1,119271012,119271037,chr1,119279806,119279843
chr1,226189190,226189340,chr1,226189673,226189696
chr1,154686899,154686940,chr1,154737437,154737497
chr1,93120413,93120458,chr1,93120556,93120706
chr1,23484800,23484851,chr1,23489871,23490021
chr1,91382422,91382572,chr1,108829723,108829873
chr1,222696689,222696839,chr1,222697243,222697297
chr1,202415520,202415670,chr1,202418644,202418783
chr1,172958648,172958685,chr1,172959805,172959955
chr1,31713034,31713181,chr1,31717241,31717261
chr1,114590813,114590963,chr1,114592099,114592249
chr1,231585162,231585312,chr1,231663095,231663160
chr1,89140524,89140674,chr1,89183556,89183706
chr1,66089021,66089050,chr1,208568191,208568336
chr1,35368254,35368404,chr1,35404303,35404351
chr1,44069475,44069625,chr1,44071636,44071786
chr1,86578149,86578173,chr1,86578172,86578289
chr1,151380270,151380420,chr1,151390545,151390569
chr1,43414765,43414915,chr1,43487760,43487910
chr1,66237885,66237905,chr1,66238706,66238856
chr1,45540703,45540729,chr1,45540946,45541096
chr1,65470569,65470719,chr1,65471012,65471031
chr1,66613012,66613035,chr1,68072836,68072986
chr1,192963707,192963857,chr1,192964293,192964358
chr1,119737354,119737375,chr1,119792064,119792098
chr1,88777093,88777127,chr1,92117606,92117756
chr1,46519453,46519603,chr1,46522180,46522203
chr1,6570805,6570955,chr1,6600573,6600612
chr1,213713875,213714025,chr1,213979198,213979236
chr1,206927351,206927492,chr1,206956721,206956744
chr1,100914367,100914391,chr1,100914446,100914596
chr1,156706900,156706959,chr1,156710631,156710661
chr1,87805747,87805855,chr1,88975474,88975496
chr1,232921532,232921557,chr1,235511939,235512089
chr1,45686357,45686507,chr1,45687342,45687400
chr1,227709761,227709815,chr1,227806966,227807116
chr1,6785207,6785255,chr1,6903199,6903349
chr1,235328921,235328959,chr1,235363841,235363875
chr1,160099703,160099842,chr1,160100394,160100448
chr1,221481767,221481917,chr1,231755448,231755598
chr1,182545416,182545566,chr1,183323073,183323223
chr1,107025766,107025812,chr1,107079961,107080111
chr1,202820188,202820252,chr1,202833856,202833895
chr1,44251804,44251954,chr1,44254396,44254546
chr1,111434562,111434611,chr1,111435855,111436005
chr1,82017477,82017627,chr1,82018788,82018938
chr1,77729659,77729809,chr1,77730672,77730822
chr1,179729553,179729680,chr1,181289728,181289878
chr1,152274318,152274468,chr1,152396672,152396705
chr1,27778499,27778649,chr1,27778867,27778890
chr1,51403565,51403715,chr1,51432852,51432921
chr1,210561592,210561639,chr1,210561664,210561814
chr1,225608069,225608219,chr1,225608512,225608543
chr1,66128446,66128465,chr1,66130466,66130616
chr1,213745114,213745264,chr1,213745697,213745721
chr1,222833380,222833530,chr1,222927006,222927060
chr1,19101604,19101641,chr1,19106548,19106698
chr1,201312837,201312987,chr1,212924025,212924175
chr1,156480773,156480866,chr1,156494644,156494680
chr1,114386712,114386862,chr1,114388481,114388631
chr1,212836560,212836710,chr1,212860540,212860690
chr1,36323266,36323309,chr1,36323512,36323662
chr1,118293189,118293230,chr1,121562842,121562870
chr1,85461923,85462066,chr1,86749813,86749963
chr1,165185521,165185671,chr1,165185849,165185871
chr1,63151270,63151420,chr1,63154909,63155059
chr1,218338286,218338307,chr1,218338311,218338461
chr1,110235332,110235357,chr1,110236172,110236231
chr1,152737937,152738087,chr1,152739597,152739654
chr1,11258915,11259019,chr1,12473915,12473941
chr1,39183783,39183842,chr1,39193822,39193883
chr1,17593122,17593263,chr1,17593263,17593304
chr1,38745716,38745866,chr1,38748512,38748542
chr1,207061265,207061309,chr1,207061417,207061567
chr1,90807683,90807711,chr1,90810433,90810583
chr1,88633187,88633337,chr1,88768052,88768081
chr1,184413580,184413639,chr1,184414885,184415035
chr1,187081325,187081475,chr1,187081641,187081696
chr1,196548160,196548310,chr1,196556543,196556617
chr1,178749225,178749375,chr1,179018144,179018294
chr1,38217433,38217453,chr1,38221619,38221706
chr1,167287829,167287852,chr1,167367288,167367438
chr1,28882325,28882439,chr1,29033312,29033462
chr1,165497308,165497357,chr1,167620684,167620834
chr1,52607532,52607619,chr1,52986136,52986180
chr1,220282424,220282574,chr1,220282981,220283013
chr1,35083375,35083525,chr1,35146291,35146441
chr1,203530412,203530430,chr1,203534141,203534167
chr1,53995341,53995366,chr1,53997639,53997789
chr1,227620896,227621046,chr1,235389640,235389790
chr1,183620561,183620711,chr1,183621170,183621217
chr1,202603342,202603492,chr1,202606414,202606564
chr1,54468825,54468961,chr1,54479624,54479774
chr1,56761256,56761406,chr1,57254254,57254274
chr1,26693411,26693469,chr1,26693740,26693890
chr1,11738294,11738326,chr1,11738426,11738576
chr1,84467015,84467165,chr1,84468475,84468625
chr1,21632613,21632763,chr1,245320315,245320465
chr1,35499934,35499992,chr1,35502479,35502629
chr1,214281706,214281850,chr1,214332724,214332874
chr1,28248789,28248920,chr1,28249848,28249885
chr1,57103956,57104106,chr1,57237311,57237461
chr1,40525596,40525735,chr1,40525868,40525975
chr1,168772189,168772321,chr1,169129829,169129979
chr1,70223158,70223308,chr1,70235237,70235281
chr1,20699444,20699505,chr1,20701302,20701452
chr1,66941946,66942097,chr1,66956896,66957046
chr1,14783378,14783400,chr1,25861383,25861448
chr1,113739951,113740101,chr1,114380173,114380251
chr1,155219000,155219079,chr1,155219652,155219695
chr1,234620460,234620483,chr1,234621484,234621625
chr1,95713353,95713503,chr1,95713802,95713825
chr1,174133191,174133327,chr1,174133298,174133411
chr1,56398553,56398703,chr1,56399631,56399765
chr1,94002402,94002552,chr1,94002583,94002608
chr1,195379385,195379427,chr1,198704013,198704034
chr1,154417869,154418019,chr1,166825976,166826126
chr1,44790157,44790307,chr1,44790526,44790559
chr1,54289311,54289425,chr1,54291085,54291124
chr1,239424387,239424408,chr1,246075748,246075898
chr1,234846703,234846730,chr1,234847098,234847248
chr1,155012321,155012346,chr1,155051381,155051514
chr1,64033687,64033717,chr1,112910859,112910959
chr1,13883517,13883536,chr1,13893373,13893523
chr1,68473899,68473941,chr1,68535134,68535284
chr1,95078659,95078809,chr1,95537496,95537646
chr1,106202880,106202910,chr1,110989972,110990014
chr1,236903809,236903959,chr1,236905191,236905228
chr1,111111021,111111171,chr1,111139543,111139693
chr1,112466238,112466279,chr1,112706953,112707103
chr1,8665684,8665834,chr1,8666764,8666815
chr1,41075531,41075561,chr1,41075570,41075720
chr1,155413823,155413921,chr1,155419087,155419222
chr1,213610232,213610382,chr1,213626824,213626974
chr1,200193646,200193796,chr1,200195505,200195649
chr1,233035649,233035673,chr1,233070544,233070693
chr1,93681918,93682068,chr1,93682236,93682255
chr1,227868492,227868642,chr1,228203136,228203286
chr1,162373004,162373154,chr1,162373872,162374022
chr1,198560702,198560852,chr1,198561676,198561826
chr1,182191889,182192039,chr1,182302567,182302610
chr1,52666121,52666271,chr1,52674608,52674673
chr1,204698144,204698189,chr1,204700715,204700865
chr1,109650610,109650753,chr1,109654935,109655085
chr1,14596784,14596810,chr1,14596826,14596976
chr1,236471991,236472141,chr1,236472390,236472434
chr1,202853137,202853287,chr1,202861733,202861766
chr1,42707057,42707207,chr1,42707678,42707699
chr1,28551559,28551683,chr1,28551594,28551699
chr1,23442051,23442086,chr1,23442086,23442116
chr1,217886826,217886976,chr1,218080859,218081009
chr1,220958758,220958908,chr1,221161276,221161426
chr1,233386563,233386713,chr1,233388324,233388474
chr1,111187740,111187766,chr1,112446076,112446228
chr1,175934637,175934787,chr1,175936509,175936575
chr1,87511471,87511621,chr1,87530032,87530169
chr1,156090825,156090914,chr1,156120633,156120659
chr1,17047629,17047651,chr1,17269949,17270099
chr1,178723702,178723727,chr1,178724136,178724286
chr1,219567690,219567840,chr1,219603929,219603969
chr1,13742293,13742443,chr1,13749205,13749254
chr1,69349347,69349378,chr1,185966679,185966829
chr1,213398088,213398239,chr1,213399748,213399788
chr1,1127181,1127331,chr1,1179860,1179888
chr1,167133845,167133869,chr1,167220657,167220727
chr1,151543195,151543345,chr1,151759236,151759258
chr1,16612223,16612373,chr1,34541664,34541800
chr1,44253559,44253709,chr1,44255179,44255262
chr1,52455301,52455451,chr1,52456157,52456289
chr1,224280374,224280524,chr1,224280921,224280980
chr1,67465039,67465059,chr1,67465098,67465248
chr1,223699598,223699748,chr1,223842821,223842848
chr1,180780648,180780788,chr1,180789656,180789691
chr1,46461340,46461402,chr1,93468095,93468245
chr1,173932659,173932690,chr1,173932928,173933078
chr1,153448922,153448943,chr1,153451487,153451637
chr1,56307811,56307961,chr1,56316143,56316293
chr1,153880199,153880349,chr1,153882867,153883017
chr1,24683824,24683880,chr1,24684168,24684318
chr1,226009612,226009748,chr1,226011172,226011322
chr1,52496187,52496337,chr1,52507552,52507609
chr1,53073024,53073166,chr1,53189167,53189191
chr1,9932962,9932997,chr1,99689373,99689523
chr1,2423747,2423897,chr1,2425861,2426011
chr1,202285239,202285389,chr1,202285454,202285475
chr1,182607110,182607260,chr1,182609668,182609706
chr1,244842257,244842407,chr1,245397197,245397348
chr1,9689523,9689568,chr1,192791999,192792149
chr1,164247290,164247331,chr1,164263735,164263885
chr1,54692286,54692425,chr1,54702501,54702651
chr1,245554442,245554592,chr1,245554664,245554697
chr1,215897198,215897348,chr1,215898079,215898229
chr1,193244633,193244670,chr1,193244695,193244845
chr1,91485543,91485570,chr1,91485583,91485734
chr1,188364015,188364093,chr1,188364093,188364116
chr1,232408378,232408528,chr1,243355164,243355314
chr1,182927934,182927981,chr1,182928589,182928739
chr1,159467165,159467310,chr1,159468081,159468202
chr1,65519192,65519280,chr1,65520689,65520722
chr1,207107166,207107214,chr1,207107399,207107549
chr1,28887127,28887277,chr1,28888464,28888501
chr1,179055115,179055135,chr1,179056111,179056261
chr1,241576550,241576700,chr1,241576781,241576799
chr1,86502399,86502498,chr1,87093523,87093545
chr1,55070869,55071019,chr1,55332649,55332682
chr1,3144672,3144822,chr1,3261394,3261544
chr1,31438810,31438960,chr1,40835542,40835565
chr1,150158764,150158910,chr1,150160062,150160106
chr1,241474095,241474169,chr1,241478209,241478263
chr1,168066403,168066553,chr1,168084268,168084290
chr1,219480359,219480509,chr1,219482425,219482459
chr1,207025131,207025281,chr1,207029089,207029118
chr1,6980352,6980387,chr1,7662535,7662630
chr1,31902056,31902078,chr1,32021835,32021985
chr1,198326330,198326360,chr1,198326401,198326551
chr1,178259324,178259413,chr1,179026762,179026803
chr1,246215166,246215191,chr1,246308810,246308960
chr1,117420786,117420860,chr1,117431971,117432121
chr1,201443891,201444041,chr1,207077834,207077984
chr1,40373583,40373628,chr1,40373777,40373927
chr1,69535906,69536056,chr1,69708590,69708633
chr1,66721089,66721239,chr1,66723544,66723694
chr1,38284525,38284649,chr1,180511628,180511663
chr1,168070793,168070943,chr1,168131026,168131176
chr1,211257795,211257945,chr1,211259082,211259161
chr1,42578107,42578135,chr1,42581474,42581548
chr1,29067820,29067970,chr1,29075905,29075931
chr1,201222962,201223063,chr1,201254658,201254728
chr1,90591645,90591676,chr1,90592636,90592786
chr1,26050057,26050207,chr1,26056278,26056426
chr1,19912234,19912277,chr1,20128211,20128356
chr1,14799953,14800012,chr1,14800477,14800627
chr1,157090075,157090099,chr1,157090278,157090308
chr1,45461636,45461786,chr1,45464313,45464465
chr1,212856537,212856687,chr1,212856754,212856818
chr1,8752671,8752696,chr1,8752696,8752836
chr1,51240923,51241073,chr1,51248071,51248127
chr1,52335134,52335197,chr1,52358977,52359009
chr1,243249351,243249493,chr1,244339670,244339812
chr1,156096769,156096873,chr1,156138780,156138930
chr1,169942748,169942841,chr1,170009094,170009225
chr1,190031550,190031697,chr1,190064046,190064196
chr1,6507400,6507536,chr1,7152247,7152280
chr1,229204569,229204719,chr1,229205957,229206046
chr1,245006463,245006568,chr1,245012145,245012295
chr1,228089619,228089657,chr1,228500747,228500897
chr1,42961939,42961964,chr1,43044957,43045062
chr1,111692035,111692071,chr1,156575387,156575537
chr1,240189779,240189929,chr1,240668602,240668752
chr1,39214046,39214196,chr1,39238142,39238173
chr1,25037407,25037557,chr1,25646963,25647113
chr1,66829057,66829084,chr1,66829084,66829221
chr1,66725787,66725914,chr1,67149389,67149420
chr1,64191141,64191168,chr1,64191417,64191519
chr1,90768243,90768378,chr1,91151267,91151417
chr1,157042427,157042472,chr1,157045586,157045736
chr1,60952031,60952052,chr1,60953389,60953539
chr1,167048389,167048539,chr1,167049309,167049384
chr1,1040743,1040770,chr1,1232212,1232284
chr1,163123559,163123709,chr1,163125775,163125925
chr1,176878386,176878433,chr1,176886435,176886585
chr1,15231877,15231904,chr1,15232894,15232947
chr1,203301729,203301876,chr1,203320089,203320218
chr1,206097768,206097918,chr1,206102477,206102574
chr1,39727743,39727781,chr1,39728104,39728254
chr1,230146169,230146319,chr1,230157711,230157742
chr1,194703658,194703808,chr1,194876335,194876485
chr1,67608501,67608541,chr1,67609876,67610015
chr1,202694511,202694663,chr1,202697788,202697834
chr1,167259367,167259517,chr1,167756926,167756997
chr1,93149551,93149701,chr1,93224167,93224221
chr1,48765474,48765571,chr1,48766161,48766191
chr1,203741618,203741639,chr1,214730238,214730262
chr1,109367969,109368119,chr1,109369559,109369709
chr1,60345013,60345041,chr1,60353143,60353245
chr1,15629660,15629698,chr1,18085234,18085303
chr1,246016654,246016804,chr1,246098447,246098469
chr1,42824689,42824739,chr1,42825234,42825384
chr1,28736857,28736929,chr1,28756777,28756927
chr1,101128531,101128635,chr1,101131851,101131877
chr1,19025413,19025450,chr1,163239202,163239353
chr1,21648111,21648212,chr1,21653259,21653406
chr1,108179247,108179277,chr1,108179277,108179377
chr1,246783923,246783978,chr1,246784359,246784509
chr1,118267207,118267357,chr1,118278155,118278305
chr1,223150645,223150695,chr1,246524605,246524755
chr1,51907571,51907722,chr1,53175072,53175222
chr1,9959334,9959492,chr1,10133112,10133262
chr1,3656915,3656953,chr1,3804243,3804393
chr1,27607461,27607491,chr1,27773196,27773226
chr1,200642267,200642417,chr1,200744902,200745052
chr1,92413103,92413150,chr1,92705485,92705635
chr1,10047866,10047924,chr1,10049876,10050026
chr1,184876362,184876512,chr1,184893918,184894068
chr1,46378072,46378223,chr1,46380061,46380211
chr1,202737378,202737405,chr1,202737949,202738099
chr1,225880337,225880356,chr1,226009683,226009748
chr1,116911970,116912112,chr1,116916115,116916265
chr1,246158323,246158473,chr1,246159278,246159326
chr1,246571213,246571363,chr1,246578174,246578218
chr1,197601332,197601482,chr1,198210165,198210197
chr1,166703657,166703723,chr1,166704253,166704403
chr1,45179934,45179975,chr1,45507030,45507180
chr1,44858640,44858790,chr1,45014617,45014638
chr1,107781989,107782139,chr1,108027306,108027339
chr1,191663427,191663577,chr1,191664876,191665026
chr1,191592563,191592713,chr1,191598322,191598472
chr1,40815144,40815293,chr1,40816823,40816851
chr1,30720069,30720091,chr1,30720968,30721118
chr1,224357448,224357598,chr1,224357754,224357776
chr1,2417716,2417866,chr1,2797480,2797521
chr1,52114813,52114963,chr1,52116160,52116305
chr1,19312226,19312327,chr1,19315396,19315546
chr1,26221446,26221529,chr1,26438306,26438456
chr1,43458082,43458123,chr1,43619845,43619995
chr1,178647928,178648078,chr1,179485138,179485159
chr1,219173845,219173900,chr1,219199983,219200058
chr1,206463141,206463292,chr1,206468083,206468126
chr1,150616655,150616805,chr1,150619461,150619486
chr1,95368069,95368091,chr1,95368184,95368334
chr1,38419484,38419634,chr1,38432387,38432475
chr1,34743077,34743101,chr1,34744648,34744754
chr1,185496228,185496378,chr1,185496398,185496421
chr1,96685514,96685664,chr1,96685699,96685724
chr1,21870504,21870654,chr1,21870721,21870744
chr1,201893158,201893185,chr1,201918468,201918618
chr1,227260403,227260450,chr1,227260542,227260674
chr1,204383819,204383969,chr1,204392908,204392935
chr1,39165288,39165307,chr1,39225961,39226111
chr1,166374343,166374493,chr1,166374515,166374537
chr1,206736440,206736483,chr1,206750160,206750296
chr1,45941851,45941993,chr1,164800980,164801025
chr1,234584463,234584553,chr1,234584553,234584593
chr1,66247814,66247839,chr1,66251613,66251635
chr1,26542131,26542175,chr1,26742360,26742510
chr1,45713095,45713245,chr1,45716028,45716068
chr1,11802601,11802730,chr1,15543919,15543963
chr1,117666460,117666478,chr1,117667012,117667162
chr1,209456690,209456840,chr1,209787970,209788001
chr1,157140605,157140755,chr1,157147502,157147530
chr1,47259311,47259343,chr1,47260782,47260932
chr1,52365157,52365216,chr1,52365377,52365527
chr1,92529321,92529344,chr1,92537951,92538081
chr1,52107999,52108149,chr1,52210107,52210178
chr1,182316755,182316905,chr1,182319190,182319277
chr1,171373476,171373626,chr1,171485323,171485365
chr1,223072277,223072305,chr1,223083947,223083976
chr1,170511666,170511816,chr1,170634032,170634182
chr1,206564346,206564496,chr1,206564537,206564569
chr1,22380491,22380574,chr1,22380617,22380767
chr1,229923496,229923646,chr1,230987889,230987941
chr1,28581208,28581358,chr1,28581402,28581422
chr1,156489960,156489983,chr1,156491996,156492146
chr1,172674180,172674330,chr1,172692226,172692247
chr1,10094296,10094446,chr1,10095338,10095488
chr1,151704785,151704935,chr1,151705667,151705817
chr1,30768952,30768982,chr1,30768982,30769024
chr1,113266942,113267092,chr1,113268898,113269041
chr1,241697589,241697739,chr1,241806048,241806198
chr1,35088722,35088871,chr1,35089902,35090053
chr1,91662273,91662423,chr1,91776899,91776948
chr1,212730128,212730280,chr1,212733345,212733371
chr1,225633798,225633948,chr1,225755002,225755047
chr1,207058349,207058499,chr1,207058529,207058553
chr1,28369263,28369311,chr1,28372060,28372210
chr1,150551724,150551874,chr1,150562221,150562276
chr1,245059998,245060021,chr1,245086167,245086317
chr1,156917695,156917845,chr1,156920405,156920445
chr1,199266915,199266955,chr1,199266997,199267147
chr1,210894582,210894732,chr1,211483508,211483537
chr1,229717825,229717916,chr1,230145774,230145924
chr1,191662348,191662498,chr1,191665167,191665192
chr1,38945158,38945233,chr1,39087231,39087287
chr1,47889927,47889959,chr1,47890359,47890509
chr1,229727098,229727248,chr1,230064339,230064455
chr1,91562362,91562394,chr1,91562801,91562951
chr1,76175418,76175502,chr1,76689813,76689860
chr1,155651614,155651635,chr1,155652035,155652185
chr1,210688377,210688410,chr1,210730168,210730318
chr1,38519299,38519449,chr1,38519504,38519555
chr1,9320723,9320873,chr1,9878145,9878295
chr1,171595390,171595417,chr1,176840166,176840316
chr1,109198136,109198171,chr1,109214581,109214615
chr1,210244018,210244145,chr1,215186958,215187108
chr1,30760794,30760862,chr1,31715810,31715830
chr1,118978261,118978411,chr1,118986145,118986212
chr1,40893315,40893465,chr1,40894626,40894776
chr1,65269895,65269922,chr1,65512483,65512633
chr1,68980492,68980609,chr1,68981375,68981525
chr1,11791515,11791570,chr1,11792193,11792213
chr1,63644329,63644479,chr1,63646052,63646202
chr1,39388725,39388875,chr1,39389918,39389938
chr1,183913800,183913950,chr1,231547364,231547485
chr1,47431446,47431485,chr1,47442974,47443124
chr1,165687477,165687628,chr1,165688665,165688815
chr1,51802991,51803141,chr1,51887384,51887432
chr1,245514169,245514319,chr1,246347545,246347566
chr1,27126670,27126820,chr1,27170064,27170112
chr1,78009886,78009950,chr1,78099340,78099490
chr1,30783774,30783806,chr1,30788873,30789023
chr1,167636148,167636298,chr1,167653056,167653206
chr1,15075684,15075731,chr1,15075788,15075938
chr1,229640198,229640348,chr1,237070118,237070268
chr1,161906815,161906965,chr1,161907140,161907165
chr1,186350717,186350745,chr1,186354368,186354518
chr1,46451096,46451176,chr1,47167664,47167803
chr1,14521351,14521501,chr1,14521566,14521588
chr1,111660210,111660360,chr1,111660583,111660608
chr1,35063034,35063084,chr1,35066319,35066469
chr1,163001374,163001524,chr1,163001773,163001802
chr1,116435379,116435529,chr1,116436349,116436426
chr1,157844207,157844357,chr1,158071041,158071191
chr1,235434146,235434296,chr1,235435440,235435587
chr1,58873799,58873949,chr1,58877807,58877957
chr1,172188568,172188600,chr1,172188856,172189008
chr1,118254652,118254802,chr1,118276740,118276763
chr1,165724673,165724693,chr1,165724760,165724910
chr1,26602573,26602594,chr1,26602607,26602757
chr1,238765558,238765691,chr1,238766646,238766673
chr1,155883119,155883145,chr1,155883638,155883698
chr1,60364160,60364190,chr1,60365156,60365306
chr1,162681091,162681147,chr1,162717997,162718147
chr1,31814019,31814169,chr1,32105314,32105464
chr1,85172785,85172844,chr1,85195147,85195219
chr1,17095509,17095659,chr1,17096818,17096968
chr1,34927412,34927562,chr1,35972563,35972713
chr1,150645194,150645232,chr1,150685476,150685626
chr1,37523153,37523286,chr1,37527701,37527851
chr1,245676369,245676415,chr1,245676412,245676538
chr1,114339020,114339170,chr1,114436063,114436210
chr1,197857843,197857993,chr1,197918136,197918286
chr1,226989603,226989636,chr1,226990123,226990273
chr1,160510647,160510797,chr1,160621163,160621313
chr1,113935911,113935955,chr1,113936172,113936322
chr1,207078061,207078094,chr1,207079905,207080055
chr1,243384233,243384257,chr1,243419214,243419364
chr1,110314921,110315071,chr1,110338600,110338750
chr1,152640328,152640478,chr1,152644162,152644183
chr1,180789504,180789549,chr1,180792778,180792928
chr1,31088129,31088180,chr1,31088226,31088376
chr1,156282987,156283137,chr1,156309372,156309522
chr1,20633325,20633347,chr1,20633347,20633437
chr1,28947953,28948103,chr1,31893475,31893524
chr1,195176163,195176203,chr1,196851147,196851297
chr1,20215767,20215787,chr1,20217311,20217341
chr1,25917821,25917883,chr1,25922030,25922180
chr1,46238950,46239100,chr1,46247602,46247641
chr1,27343893,27343912,chr1,27388581,27388606
chr1,220086832,220086983,chr1,220088466,220088617
chr1,200586817,200586956,chr1,201581806,201581850
chr1,224399868,224400018,chr1,229889123,229889145
chr1,8142314,8142336,chr1,8269191,8269341
chr1,246093485,246093635,chr1,246215063,246215101
chr1,161376876,161377026,chr1,161378337,161378371
chr1,46503418,46503568,chr1,46512741,46512770
chr1,117020717,117020760,chr1,159781374,159781432
chr1,33518441,33518460,chr1,33518502,33518652
chr1,205157404,205157452,chr1,205158329,205158479
chr1,239241006,239241042,chr1,239241294,239241444
chr1,66827784,66827934,chr1,66896678,66896710
chr1,204111916,204112066,chr1,204321710,204321858
chr1,175860176,175860222,chr1,175860369,175860519
chr1,114201116,114201266,chr1,114203095,114203182
chr1,5752587,5752737,chr1,5753003,5753052
chr1,35416528,35416678,chr1,35419059,35419209
chr1,29513104,29513125,chr1,29513140,29513283
chr1,78487664,78487814,chr1,78497583,78497711
chr1,212414351,212414429,chr1,212414988,212415138
chr1,46481021,46481041,chr1,46525292,46525442
chr1,159943340,159943490,chr1,159945732,159945776
chr1,150026701,150026851,chr1,150026907,150026935
chr1,28487875,28488016,chr1,28498658,28498808
chr1,212021672,212021821,chr1,212023400,212023550
chr1,236775954,236776104,chr1,236783527,236783549
chr1,240417633,240417659,chr1,240419663,240419813
chr1,1220502,1220652,chr1,1220857,1220882
chr1,11295024,11295058,chr1,11664678,11664758
chr1,246153996,246154075,chr1,246154774,246154924
chr1,163145342,163145492,chr1,163147396,163147438
chr1,244853964,244854001,chr1,244933950,244934100
chr1,236688754,236688904,chr1,236690961,236691111
chr1,16559119,16559269,chr1,16560836,16560867
chr1,39780582,39780604,chr1,40036835,40036985
chr1,234628198,234628348,chr1,234704645,234704664
chr1,23691796,23691822,chr1,23694499,23694644
chr1,27787306,27787385,chr1,27856544,27856598
chr1,220842561,220842711,chr1,220866018,220866046
chr1,230905465,230905615,chr1,231017493,231017643
chr1,222933973,222934001,chr1,223237728,223237878
chr1,113496799,113496949,chr1,113508287,113508437
chr1,89543055,89543092,chr1,89544187,89544337
chr1,45267116,45267266,chr1,45267686,45267744
chr1,51516016,51516166,chr1,51668284,51668313
chr1,200650262,200650293,chr1,200650979,200651129
chr1,226003096,226003246,chr1,226180370,226180520
chr1,235810345,235810488,chr1,235825875,235826025
chr1,146037874,146037902,chr1,146037947,146038097
chr1,69480613,69480763,chr1,69493165,69493199
chr1,211783663,211783813,chr1,211786819,211786969
chr1,178256574,178256724,chr1,195191925,195192075
chr1,32222099,32222217,chr1,32330338,32330488
chr1,241807008,241807037,chr1,241901186,241901336
chr1,241447367,241447517,chr1,244031425,244031453
chr1,226990125,226990165,chr1,229191939,229192089
chr1,173481874,173481897,chr1,173482566,173482711
chr1,119238909,119239059,chr1,119240134,119240194
chr1,212238689,212238839,chr1,213512130,213512280
chr1,222892874,222892907,chr1,224488922,224489019
chr1,54332132,54332282,chr1,54333462,54333499
chr1,6735790,6735816,chr1,6737304,6737454
chr1,58389998,58390044,chr1,58670778,58670928
chr1,95433198,95433348,chr1,95435172,95435191
chr1,178300091,178300123,chr1,178300882,178301032
chr1,244543896,244544046,chr1,244553942,244553991
chr1,237903580,237903609,chr1,237903775,237903869
chr1,183145957,183146107,chr1,183708090,183708124
chr1,150626330,150626405,chr1,150626405,150626450
chr1,172483104,172483254,chr1,172484962,172484987
chr1,2587448,2587478,chr1,2587481,2587631
chr1,182962758,182962794,chr1,182963716,182963866
chr1,51643755,51643905,chr1,51655242,51655267
chr1,91503045,91503195,chr1,91505351,91505371
chr1,226260074,226260130,chr1,226260130,226260255
chr1,200738106,200738147,chr1,200775652,200775802
chr1,41492458,41492479,chr1,42637817,42637881
chr1,33181734,33181769,chr1,33183971,33184119
chr1,162774285,162774319,chr1,192107077,192107227
chr1,169056647,169056797,chr1,196661116,196661166
chr1,67782995,67783018,chr1,67789693,67789843
chr1,99995799,99995949,chr1,100042252,100042292
chr1,8907562,8907709,chr1,156054199,156054349
chr1,228859588,228859616,chr1,231492192,231492342
chr1,179089451,179089497,chr1,179089808,179089958
chr1,50648419,50648488,chr1,50661341,50661491
chr1,1570731,1570881,chr1,1615824,1615856
chr1,111593176,111593216,chr1,111593261,111593411
chr1,219062376,219062526,chr1,219141585,219141735
chr1,236913729,236913750,chr1,236913750,236913783
chr1,117525519,117525669,chr1,117681106,117681125
chr1,52725416,52725566,chr1,52726316,52726343
chr1,151016850,151016943,chr1,151020117,151020163
chr1,52612484,52612520,chr1,52617111,52617261
chr1,43352870,43352917,chr1,43354629,43354771
chr1,185849657,185849807,chr1,185850005,185850026
chr1,110955130,110955157,chr1,110955370,110955410
chr1,159831018,159831168,chr1,159836104,159836132
chr1,226797177,226797226,chr1,226798972,226799122
chr1,32413183,32413299,chr1,32413393,32413519
chr1,1232248,1232284,chr1,1268799,1268950
chr1,42700958,42701108,chr1,42767236,42767258
chr1,85689934,85689986,chr1,85708244,85708394
chr1,117486913,117487063,chr1,117500617,117500767
chr1,20954723,20954753,chr1,20955212,20955362
chr1,44064516,44064666,chr1,44068571,44068596
chr1,67686790,67686863,chr1,67690132,67690282
chr1,109199516,109199584,chr1,109222656,109222806
chr1,203510059,203510209,chr1,204296521,204296542
chr1,42141624,42141774,chr1,50824041,50824069
chr1,70408063,70408211,chr1,70408211,70408254
chr1,45486341,45486491,chr1,45489973,45490123
chr1,109831046,109831090,chr1,109934081,109934106
chr1,26479637,26479787,chr1,26485284,26485434
chr1,113211674,113211718,chr1,113219585,113219632
chr1,62476048,62476198,chr1,62485801,62485936
chr1,221606097,221606154,chr1,221635634,221635690
chr1,65953066,65953216,chr1,65953675,65953756
chr1,9246312,9246343,chr1,11375427,11375577
chr1,37411538,37411688,chr1,37414975,37415125
chr1,197155331,197155481,chr1,198247902,198247946
chr1,20786872,20786899,chr1,20886056,20886206
chr1,101073998,101074148,chr1,117942938,117943088
chr1,6468387,6468432,chr1,6468641,6468791
chr1,67049773,67049812,chr1,67350978,67351128
chr1,38650457,38650488,chr1,38651550,38651700
chr1,226380365,226380515,chr1,226673757,226673787
chr1,185225158,185225308,chr1,185243825,185243975
chr1,29085947,29085986,chr1,29086127,29086152
chr1,175206685,175206835,chr1,175216617,175216767
chr1,28412580,28412730,chr1,28417789,28417939
chr1,222892874,222892907,chr1,224489015,224489165
chr1,67560697,67560751,chr1,67560759,67560810
chr1,70167630,70167780,chr1,70167955,70167995
chr1,61024009,61024053,chr1,61026042,61026093
chr1,212567194,212567216,chr1,212617218,212617368
chr1,114078197,114078226,chr1,114612760,114612910
chr1,181412389,181412539,chr1,181427012,181427058
chr1,53541934,53541974,chr1,53689283,53689433
chr1,172894855,172895005,chr1,172895139,172895201
chr1,155250096,155250136,chr1,155585675,155585825
chr1,219090699,219090762,chr1,219114479,219114629
chr1,204901099,204901130,chr1,204901135,204901285
chr1,20698674,20698824,chr1,21212206,21212226
chr1,23054093,23054243,chr1,23084182,23084332
chr1,20744145,20744295,chr1,20854246,20854290
chr1,60504172,60504197,chr1,60507173,60507323
chr1,168225948,168226053,chr1,168226632,168226782
chr1,244202776,244202827,chr1,244207380,244207530
chr1,15325583,15325629,chr1,15328503,15328623
chr1,178731054,178731086,chr1,179703550,179703700
chr1,213260992,213261018,chr1,213278879,213278983
chr1,157370178,157370328,chr1,157371365,157371387
chr1,158509590,158509740,chr1,168909334,168909371
chr1,227123433,227123583,chr1,227474008,227474042
chr1,114420921,114421071,chr1,114421073,114421099
chr1,116916679,116916829,chr1,116917907,116917933
chr1,10074698,10074770,chr1,10107583,10107733
chr1,169943844,169943884,chr1,169946980,169947014
chr1,205678380,205678456,chr1,205701715,205701762
chr1,89783335,89783467,chr1,89799043,89799127
chr1,183989702,183989840,chr1,183990597,183990747
chr1,219315905,219316055,chr1,219316101,219316122
chr1,108819853,108819990,chr1,108822411,108822561
chr1,11075476,11075626,chr1,11686131,11686153
chr1,245709457,245709497,chr1,245712364,245712403
chr1,52641935,52641958,chr1,52653707,52653844
chr1,247280627,247280777,chr1,247281123,247281164
chr1,215384905,215384947,chr1,223886040,223886190
chr1,191194655,191194805,chr1,191197135,191197185
chr1,24683925,24683995,chr1,27996708,27996765
chr1,205784951,205785101,chr1,205791801,205791843
chr1,110949730,110949778,chr1,110965015,110965078
chr1,181015367,181015425,chr1,181022175,181022325
chr1,108928618,108928643,chr1,108928666,108928816
chr1,30805090,30805116,chr1,30892999,30893149
chr1,79399833,79399856,chr1,79399856,79399922
chr1,35329736,35329886,chr1,35351330,35351367
chr1,91296276,91296426,chr1,91303751,91303794
chr1,152648403,152648542,chr1,152648904,152649042
chr1,109123933,109123967,chr1,170030201,170030351
chr1,154324078,154324228,chr1,154324738,154324804
chr1,38534728,38534773,chr1,38538269,38538419
chr1,156972842,156972992,chr1,157048687,157048719
chr1,184028659,184028809,chr1,184030209,184030232
chr1,219206647,219206797,chr1,219209950,219210100
chr1,225427661,225427696,chr1,225427729,225427875
chr1,118850937,118851087,chr1,118859901,118859923
chr1,22506288,22506438,chr1,22506952,22506979
chr1,34871659,34871809,chr1,44585115,44585265
chr1,9713004,9713069,chr1,9902989,9903139
chr1,197097607,197097636,chr1,197098186,197098336
chr1,16613540,16613563,chr1,16613885,16614035
chr1,176574813,176574963,chr1,176577132,176577282
chr1,115823329,115823361,chr1,119251418,119251541
chr1,181873435,181873499,chr1,181873608,181873674
chr1,182056738,182056771,chr1,182778243,182778393
chr1,150050703,150050728,chr1,150053652,150053752
chr1,27220381,27220531,chr1,27234287,27234326
chr1,240722638,240722788,chr1,240842084,240842233
chr1,39639156,39639177,chr1,39640598,39640748
chr1,110533195,110533281,chr1,110710658,110710803
chr1,21948568,21948718,chr1,21954353,21954503
chr1,245026059,245026209,chr1,245026245,245026286
chr1,215967463,215967613,chr1,216353310,216353364
chr1,91167566,91167593,chr1,91167653,91167803
chr1,33493318,33493355,chr1,34330430,34330574
chr1,171524804,171524832,chr1,201790618,201790646
chr1,113918428,113918511,chr1,113918511,113918534
chr1,192124071,192124221,chr1,192156428,192156578
chr1,194647759,194647796,chr1,194649749,194649777
chr1,17006728,17006878,chr1,17006889,17006938
chr1,8166727,8166759,chr1,8169168,8169318
chr1,241484256,241484281,chr1,241485857,241485962
chr1,34943087,34943118,chr1,34965602,34965641
chr1,1023629,1023665,chr1,2259225,2259316
chr1,31880108,31880133,chr1,31880551,31880701
chr1,236488014,236488079,chr1,236519856,236520013
chr1,234894429,234894477,chr1,234895890,234896012
chr1,100085372,100085437,chr1,115637168,115637318
chr1,207656005,207656126,chr1,207671138,207671209
chr1,16709901,16709942,chr1,16709971,16710121
chr1,101106953,101107103,chr1,101262878,101262950
chr1,101959950,101960100,chr1,103463173,103463218
chr1,166000548,166000623,chr1,166002327,166002477
chr1,230286706,230286729,chr1,230286920,230287070
chr1,36455318,36455456,chr1,36455368,36455492
chr1,233635893,233635973,chr1,240412242,240412265
chr1,43830172,43830322,chr1,44151126,44151166
chr1,231641776,231641921,chr1,231643229,231643272
chr1,95366256,95366407,chr1,95367105,95367146
chr1,23550700,23550730,chr1,23552088,23552238
chr1,153546902,153546935,chr1,153552190,153552340
chr1,225440289,225440339,chr1,225442002,225442152
chr1,12016293,12016324,chr1,12019376,12019464
chr1,102603025,102603065,chr1,102606149,102606299
chr1,173435757,173435804,chr1,173435930,173436080
chr1,230126370,230126407,chr1,230126569,230126719
chr1,7041366,7041404,chr1,7042879,7042908
chr1,31049000,31049135,chr1,31049474,31049584
chr1,10097281,10097330,chr1,10139013,10139158
chr1,220593497,220593647,chr1,223151005,223151155
chr1,158185049,158185109,chr1,158190594,158190624
chr1,241321633,241321783,chr1,241343522,241343672
chr1,67298540,67298573,chr1,67300014,67300164
chr1,157696114,157696148,chr1,157766762,157766912
chr1,227140233,227140383,chr1,227178153,227178238
chr1,208315396,208315546,chr1,211470396,211470546
chr1,65739315,65739465,chr1,65758145,65758295
chr1,67094423,67094573,chr1,67095703,67095853
chr1,1375938,1376088,chr1,1379185,1379335
chr1,47336730,47336873,chr1,47337600,47337743
chr1,99255256,99255406,chr1,100056909,100056972
chr1,47138164,47138305,chr1,64216436,64216505
chr1,32948743,32948796,chr1,33005836,33005891
chr1,13914448,13914473,chr1,13915040,13915190
chr1,244336498,244336520,chr1,244338444,244338594
chr1,43614297,43614324,chr1,98531871,98532021
chr1,167376217,167376248,chr1,167386161,167386298
chr1,110338448,110338511,chr1,110339224,110339352
chr1,36699381,36699409,chr1,36937090,36937190
chr1,234497823,234497846,chr1,234598027,234598064
chr1,86933777,86933834,chr1,86933947,86934034
chr1,41663094,41663117,chr1,49597162,49597312
chr1,218296364,218296500,chr1,218299679,218299829
chr1,193041367,193041517,chr1,193043636,193043666
chr1,238827623,238827773,chr1,239200677,239200827
chr1,15075600,15075710,chr1,15847835,15847862
chr1,96579979,96580049,chr1,96580049,96580199
chr1,114321071,114321221,chr1,114321588,114321610
chr1,38364820,38364970,chr1,38365713,38365756
chr1,156386975,156387094,chr1,156387050,156387142
chr1,154612241,154612345,chr1,154878525,154878675
chr1,68952316,68952466,chr1,68952607,68952640
chr1,222646940,222647090,chr1,222647795,222647945
chr1,19205495,19205533,chr1,19209779,19209799
chr1,202348611,202348662,chr1,202443048,202443198
chr1,164703714,164703742,chr1,164770643,164770793
chr1,241517892,241517918,chr1,241812127,241812277
chr1,109525484,109525589,chr1,109525589,109525615
chr1,174888969,174889018,chr1,175125500,175125547
chr1,100052072,100052114,chr1,100055391,100055541
chr1,27281023,27281054,chr1,27281468,27281618
chr1,65065709,65065859,chr1,65871878,65872025
chr1,31952258,31952408,chr1,31952616,31952639
chr1,230127821,230127847,chr1,230128459,230128609
chr1,228181650,228181705,chr1,228234780,228234930
chr1,205122333,205122379,chr1,205123023,205123169
chr1,14189148,14189298,chr1,14193748,14193781
chr1,211642342,211642492,chr1,211643489,211643639
chr1,32662863,32662923,chr1,32667041,32667111
chr1,40971227,40971364,chr1,40973869,40974019
chr1,115749840,115749862,chr1,115752181,115752331
chr1,222387649,222387680,chr1,222391562,222391589
chr1,44318857,44318887,chr1,44318906,44319056
chr1,40680044,40680194,chr1,40684743,40684766
chr1,9760126,9760276,chr1,9763303,9763453
chr1,105520797,105520835,chr1,105520998,105521149
chr1,40694482,40694521,chr1,40699258,40699317
chr1,158698446,158698594,chr1,158699131,158699155
chr1,191574798,191574948,chr1,191579160,191579310
chr1,29645321,29645345,chr1,29645590,29645740
chr1,207887621,207887646,chr1,207923666,207923786
chr1,49999458,49999528,chr1,49999563,49999713
chr1,192597832,192597971,chr1,195312456,195312599
chr1,65209483,65209508,chr1,65253965,65254099
chr1,108902451,108902601,chr1,108903073,108903099
chr1,47437034,47437184,chr1,47437700,47437733
chr1,188946108,188946244,chr1,212649090,212649240
chr1,112852347,112852497,chr1,112854028,112854178
chr1,113938695,113938845,chr1,113957803,113957954
chr1,152885635,152885663,chr1,153150540,153150690
chr1,13767184,13767333,chr1,13776323,13776378
chr1,178119949,178120099,chr1,178120571,178120596
chr1,59725765,59725915,chr1,59776000,59776150
chr1,207627662,207627742,chr1,207630966,207631116
chr1,185385047,185385095,chr1,185386796,185386946
chr1,115355147,115355297,chr1,115356838,115356988
chr1,167305867,167306017,chr1,167306017,167306067
chr1,181040530,181040549,chr1,181040709,181040859
chr1,23259908,23259975,chr1,23263580,23263730
chr1,109571367,109571400,chr1,109576273,109576423
chr1,145785625,145785765,chr1,145932345,145932495
chr1,65224998,65225025,chr1,65277111,65277261
chr1,156807007,156807043,chr1,156866925,156866955
chr1,234400420,234400442,chr1,234401471,234401621
chr1,171767019,171767174,chr1,171844792,171844942
chr1,30967422,30967572,chr1,31069137,31069287
chr1,229238563,229238636,chr1,229253233,229253383
chr1,37744685,37744715,chr1,37752893,37753043
chr1,100033686,100033836,chr1,100034618,100034704
chr1,87020418,87020457,chr1,87020676,87020826
chr1,114461406,114461467,chr1,114598290,114598440
chr1,50801144,50801170,chr1,55219128,55219278
chr1,45150708,45150858,chr1,45173960,45174001
chr1,155173292,155173386,chr1,155177322,155177385
chr1,2560899,2560933,chr1,2561714,2561745
chr1,167198866,167198886,chr1,167371647,167371797
chr1,60979337,60979487,chr1,61384559,61384709
chr1,206586008,206586032,chr1,206587443,206587591
chr1,233516312,233516476,chr1,233663132,233663282
chr1,52017549,52017699,chr1,52018420,52018570
chr1,53829647,53829780,chr1,53829704,53829826
chr1,25654734,25654884,chr1,25796775,25796834
chr1,51888529,51888679,chr1,51980005,51980038
chr1,153808254,153808404,chr1,153810098,153810125
chr1,19715677,19715763,chr1,19715775,19715802
chr1,121288867,121288943,chr1,213052857,213052912
chr1,213069227,213069248,chr1,213069436,213069586
chr1,241926881,241927031,chr1,241950875,241951011
chr1,185178841,185178991,chr1,185182648,185182701
chr1,16645322,16645472,chr1,17168288,17168438
chr1,171742039,171742189,chr1,171742195,171742243
chr1,218605844,218605941,chr1,219418751,219418901
chr1,234584231,234584256,chr1,234724102,234724207
chr1,220944847,220944997,chr1,220945728,220945800
chr1,203975332,203975482,chr1,203976676,203976708
chr1,62787019,62787069,chr1,62794814,62794964
chr1,213017008,213017120,chr1,228042246,228042396
chr1,175380853,175381003,chr1,200708964,200709004
chr1,150999756,150999782,chr1,151171178,151171328
chr1,47423318,47423468,chr1,47428342,47428492
chr1,25233239,25233260,chr1,25330094,25330244
chr1,114145700,114145738,chr1,115555865,115556015
chr1,234605187,234605211,chr1,234875252,234875402
chr1,68497549,68497699,chr1,68540810,68540891
chr1,244007045,244007066,chr1,244020556,244020706
chr1,213040480,213040533,chr1,213052985,213053039
chr1,200811482,200811505,chr1,200883360,200883510
chr1,174549327,174549477,chr1,174549693,174549719
chr1,226034602,226034648,chr1,226127850,226128000
chr1,49418192,49418342,chr1,49418374,49418425
chr1,17779383,17779533,chr1,17791144,17791171
chr1,117571184,117571211,chr1,235659174,235659324
chr1,32440378,32440423,chr1,32577072,32577222
chr1,8981290,8981440,chr1,8987149,8987212
chr1,83924970,83925120,chr1,83928280,83928334
chr1,44007037,44007070,chr1,44040816,44040966
chr1,237836833,237836983,chr1,238395818,238395968
chr1,209806205,209806233,chr1,209830478,209830627
chr1,21323163,21323313,chr1,21914000,21914032
chr1,6747412,6747562,chr1,8368671,8368821
chr1,32007667,32007695,chr1,32019976,32020126
chr1,51700324,51700385,chr1,51757905,51758011
chr1,111418425,111418460,chr1,111418500,111418650
chr1,244871421,244871571,chr1,244880221,244880371
chr1,50504526,50504558,chr1,50505960,50506110
chr1,224158049,224158075,chr1,224457458,224457543
chr1,70470794,70470945,chr1,70471001,70471046
chr1,202082932,202083030,chr1,202085264,202085301
chr1,182140325,182140475,chr1,182377820,182377853
chr1,57508140,57508164,chr1,57935907,57935926
chr1,178664235,178664385,chr1,178844546,178844570
chr1,100373004,100373043,chr1,100375462,100375612
chr1,226450980,226451130,chr1,226455553,226455703
chr1,229341383,229341533,chr1,229341595,229341623
chr1,207833450,207833544,chr1,207836264,207836414
chr1,16592516,16592666,chr1,16592946,16592989
chr1,69630135,69630285,chr1,69631363,69631513
chr1,149636509,149636659,chr1,149637612,149637734
chr1,207005800,207005824,chr1,207043752,207043902
chr1,165598427,165598577,chr1,165626895,165627045
chr1,67198533,67198683,chr1,67199413,67199563
chr1,111191348,111191366,chr1,111197115,111197265
chr1,147314137,147314178,chr1,147316592,147316742
chr1,247384612,247384681,chr1,247384884,247385034
chr1,47432301,47432368,chr1,47437751,47437784
chr1,111030602,111030695,chr1,111142191,111142341
chr1,201823997,201824147,chr1,201826464,201826485
chr1,18039918,18039963,chr1,18675924,18675960
chr1,212508586,212508736,chr1,212509582,212509732
chr1,214498331,214498354,chr1,214498354,214498394
chr1,243275068,243275218,chr1,243277331,243277382
chr1,63205831,63205981,chr1,63206693,63206843
chr1,165417783,165417819,chr1,165417848,165417998
chr1,228139839,228139951,chr1,228140164,228140314
chr1,205498598,205498748,chr1,205498821,205498856
chr1,246800546,246800597,chr1,246801289,246801439
chr1,108985429,108985579,chr1,108985956,108985994
chr1,91861581,91861731,chr1,91872738,91872888
chr1,226679967,226680002,chr1,226683449,226683599
chr1,105180308,105180328,chr1,105571806,105571956
chr1,231600451,231600515,chr1,235224477,235224496
chr1,180771577,180771656,chr1,180772890,180772917
chr1,37516173,37516215,chr1,37563702,37563852
chr1,70686434,70686584,chr1,70711328,70711363
chr1,168393146,168393296,chr1,168623381,168623411
chr1,85050358,85050508,chr1,85062236,85062266
chr1,25438134,25438188,chr1,25483186,25483336
chr1,182623931,182624049,chr1,182624003,182624126
chr1,166528008,166528080,chr1,166725296,166725342
chr1,230070524,230070554,chr1,230071559,230071709
chr1,230413227,230413377,chr1,230414758,230414908
chr1,19940446,19940596,chr1,19944300,19944334
chr1,248754272,248754422,chr1,248757971,248757992
chr1,210775298,210775342,chr1,210775833,210775983
chr1,23932304,23932329,chr1,23937365,23937513
chr1,26592855,26593005,chr1,26594846,26594996
chr1,84682086,84682233,chr1,84684034,84684184
chr1,43765336,43765413,chr1,43946600,43946636
chr1,226009285,226009432,chr1,226011827,226011977
